,LON,LAT,NAME,CLUSTER_kmeans(k),CLUSTERS_DBSCAN,CLUSTER_HDBSCAN,CLUSTER_hybrid
0,28.17858,-25.73882,11th Street Taxi Rank,15,0,19,19
1,28.1766,-25.73795,81 Bazaar Street Taxi Rank,15,0,19,19
2,27.832390000000004,-26.53722,Adams Road Taxi Rank,5,-1,-1,26
3,28.125140000000002,-26.266659999999998,Alberton City Mall Taxi Rank,33,-1,-1,41
4,28.101440000000004,-26.10567,Alexandra Main Taxi Rank,18,1,55,55
5,28.10125,-26.10605,Alexandra Main Taxi Rank,18,1,55,55
6,28.10185,-26.10537,Alexandra Main Taxi Rank,18,1,55,55
7,28.10165,-26.104789999999998,Alexandra Taxi Rank,18,1,55,55
8,28.101509999999998,-26.10594,Alexandra Taxi Rank,18,1,55,55
9,28.101999999999997,-26.10576,Alexandra Taxi Rank,18,1,55,55
10,28.512059999999998,-26.43641,Alra Park Taxi Rank,59,-1,-1,13
11,28.19932,-26.02136,Andrew Mapheto Drive Taxi Rank,51,2,40,40
12,28.19006,-25.74244,Andries Street Taxi Rank,15,0,19,19
13,28.190140000000003,-25.741970000000002,Andries Street Taxi Rank,15,0,19,19
14,28.1901,-25.74185,Andries Street Taxi Rank,15,0,19,19
15,28.280359999999998,-26.15972,Atlasville Taxi Rank,14,-1,-1,44
16,27.94085,-26.25974,Bara Taxi Rank,20,3,61,61
17,27.940379999999998,-26.25961,Bara Taxi Rank,20,3,61,61
18,27.94234,-26.259729999999998,Bara Taxi Rank,20,3,61,61
19,27.942009999999996,-26.25923,Baragwanath Taxi Rank,20,3,61,61
20,27.94325,-26.25931,Baragwanath Taxi Rank,20,3,61,61
21,27.942079999999997,-26.2599,Baragwanath Taxi Rank,20,3,61,61
22,27.937109999999997,-26.259059999999998,Baragwanath Taxi Rank,20,3,61,61
23,27.94081,-26.259,Baragwanath Taxi Rank,20,3,61,61
24,27.70334,-26.282709999999998,Bekkersdal Taxi Rank,37,-1,-1,57
25,28.18045,-25.73836,Belle Ombre Taxi Rank,15,0,19,19
26,28.048840000000002,-26.10024,Benmore Shopping Centre Taxi Rank,18,-1,54,54
27,28.04962,-26.10097,"Benmore Taxi Rank, Grayston Drive",18,-1,54,54
28,28.313240000000004,-26.19837,Benoni Station Taxi Rank,14,4,43,43
29,28.3117,-26.19925,Benoni Station Taxi Rank,14,4,43,43
30,28.311459999999997,-26.1994,Benoni Station Taxi Rank,14,4,43,43
31,28.312720000000002,-26.19864,Benoni Station Taxi Rank,14,4,43,43
32,28.31066,-26.19764,Benoni Station Taxi Rank,14,4,43,43
33,28.31069,-26.199820000000003,Benoni Station Taxi Rank,14,4,43,43
34,28.31095,-26.19967,Benoni Station Taxi Rank,14,4,43,43
35,28.31046,-26.19996,Benoni Station Taxi Rank,14,4,43,43
36,28.309790000000003,-26.2004,Benoni Station Taxi Rank,14,4,43,43
37,28.234740000000002,-26.067520000000002,Birchleigh Station Taxi Rank,65,-1,29,29
38,28.23483,-26.067529999999998,Birchleigh Station Taxi Rank,65,-1,29,29
39,28.19112,-25.74036,Bloed Street Mall Taxi Rank,15,0,19,19
40,28.18913,-25.74055,Bloed Street Mall Taxi Rank,15,0,19,19
41,28.388040000000004,-26.38014,Bluegum View Taxi Rank,47,5,13,13
42,27.82767,-26.5628,Boitumelo Taxi Rank,60,-1,-1,26
43,28.252440000000004,-26.224009999999996,Boksburg Taxi Rank,43,-1,35,35
44,28.252090000000003,-26.2239,Boksburg Taxi Rank,43,-1,35,35
45,28.251820000000002,-26.22389,Boksburg Taxi Rank,43,-1,35,35
46,28.19616,-25.7388,Boom Street Taxi Rank`,15,0,19,19
47,27.79717,-26.691329999999997,Bophelong Taxi Rank,11,6,8,8
48,27.79727,-26.691309999999998,Bophelong Taxi Rank,11,6,8,8
49,27.797290000000004,-26.69285,Bophelong Taxi Rank,11,6,8,8
50,27.795859999999998,-26.69118,Bophelong Taxi Rank,11,6,8,8
51,27.796020000000002,-26.69155,"Bophelong Taxi Rank, Corner Dube Street and 12th Street",11,6,8,8
52,27.795920000000002,-26.69138,"Bophelong Taxi Rank, Dube Street",11,6,8,8
53,28.18473,-25.755570000000002,Bosmanstraat Station Taxi Rank,15,0,19,19
54,28.18324,-25.75561,Bosmanstraat Station Taxi Rank,15,0,19,19
55,28.18566,-25.7555,Bosmanstraat Station Taxi Rank,15,0,19,19
57,28.18478,-25.755570000000002,Bosmanstraat Station Taxi Rank,15,0,19,19
58,28.12847,-25.99577,Boulders Shopping Centre Taxi Rank,0,7,30,30
59,28.10292,-26.3124,Brackenhurst Taxi Rank,33,-1,-1,34
60,28.362040000000004,-26.24067,Brakpan Station Taxi Rank,57,8,18,18
61,28.36167,-26.23995,Brakpan Station Taxi Rank,57,8,18,18
62,28.36185,-26.24029,Brakpan Station Taxi Rank,57,8,18,18
63,28.36125,-26.23913,Brakpan Station Taxi Rank,57,8,18,18
64,28.36215,-26.240879999999997,Brakpan Station Taxi Rank,57,8,18,18
65,28.36178,-26.24015,Brakpan Station Taxi Rank,57,8,18,18
66,28.36187,-26.240340000000003,Brakpan Station Taxi Rank,57,8,18,18
67,28.36073,-26.238329999999998,Brakpan Station Taxi Rank,57,8,18,18
68,28.362059999999996,-26.2407,Brakpan Station Taxi Rank,57,8,18,18
69,28.036620000000003,-26.20034,Bree Taxi Rank,7,9,53,53
70,28.0359,-26.200470000000003,Bree Taxi Rank,7,9,53,53
71,28.03612,-26.20151,Bree Taxi Rank,7,9,53,53
72,28.037570000000002,-26.20134,Bree Taxi Rank,7,9,53,53
73,28.03725,-26.20139,Bree Taxi Rank,7,9,53,53
74,28.037509999999997,-26.20131,Bree Taxi Rank,7,9,53,53
75,28.03633,-26.20149,Bree Taxi Rank,7,9,53,53
76,28.0375,-26.20121,Bree Taxi Rank,7,9,53,53
77,28.0374,-26.20136,Bree Taxi Rank,7,9,53,53
78,28.036440000000002,-26.20148,Bree Taxi Rank,7,9,53,53
79,28.03645,-26.20084,Bree Taxi Rank,7,9,53,53
80,28.03657,-26.20035,Bree Taxi Rank,7,9,53,53
81,28.03655,-26.20146,Bree Taxi Rank,7,9,53,53
82,28.035940000000004,-26.20041,Bree Taxi Rank,7,9,53,53
83,28.03652,-26.20146,Bree Taxi Rank,7,9,53,53
84,28.03753,-26.201439999999998,Bree Taxi Rank,7,9,53,53
85,27.78302,-25.63586,Brits Taxi Rank,61,-1,-1,4
86,28.19561,-26.28998,Buhle Park Taxi Rank,2,-1,41,41
87,28.04259,-26.200029999999998,CBD A Taxi Rank,7,9,53,53
88,27.86523,-26.33295,"Capella Street Ext 9, Lenasia Taxi Rank",45,-1,-1,60
89,27.86528,-26.33297,"Capella Street Ext 9, Lenasia Taxi Rank",45,-1,-1,60
91,27.397090000000002,-26.352290000000004,Carletonville Main Taxi Rank,8,10,2,2
92,27.397059999999996,-26.352190000000004,Carletonville Main Taxi Rank,8,10,2,2
93,27.397370000000002,-26.35305,Carletonville Main Taxi Rank,8,10,2,2
94,28.08604,-25.49815,Central City Taxi Rank,42,11,5,5
95,28.08665,-25.4981,Central City Taxi Rank,42,11,5,5
96,27.79635,-26.15731,Chamdor Taxi Rank,62,-1,57,57
97,28.181490000000004,-26.344920000000002,Chris Hani Mall Taxi Rank,30,-1,41,41
98,28.183609999999998,-26.34522,Chris Hani Mall Taxi Rank,30,-1,41,41
99,28.18191,-26.34545,Chris Hani Mall Taxi Rank,30,-1,41,41
100,27.94022,-26.25928,Chris Hani Road Taxi Rank,20,3,61,61
101,27.94015,-26.25907,Chris Hani Road Taxi Rank,20,3,61,61
102,27.939870000000003,-26.25905,Chris Hani Road Taxi Rank,20,3,61,61
103,27.94013,-26.25907,Chris Hani Road Taxi Rank,20,3,61,61
104,28.747259999999997,-25.80485,Church Street Taxi Rank,52,-1,0,0
105,28.183529999999998,-25.75113,Corner Nana Sita Street and Sophie de Bruyn Taxi Rank,15,0,19,19
106,28.192970000000003,-25.7463,Corner Pretorius Street and Helen Joseph Street Taxi Rank,15,0,19,19
107,28.317140000000002,-25.79797,Corner Solomon Mahlangu Drive and Aterbury Road Taxi Rank,4,-1,-1,16
108,28.31731,-25.79825,Corner Solomon Mahlangu Drive and Atterbury Road Taxi Rank,4,-1,-1,16
109,27.97363,-26.187839999999998,Coronation Taxi Rank,20,-1,-1,61
110,27.93833,-26.01725,Cosmo City Taxi Rank,17,12,46,46
111,27.93743,-26.01687,Cosmo City Taxi Rank,17,12,46,46
112,27.93385,-26.019820000000003,Cosmo Taxi Rank,17,12,46,46
113,27.93804,-26.017310000000002,Cosmo Taxi Rank,17,12,46,46
114,27.937479999999997,-26.0177,Cosmocity Taxi Rank,17,12,46,46
115,27.937540000000002,-26.01754,Cosmocity Taxi Rank,17,12,46,46
116,27.834220000000002,-26.06181,Cradlestone Mall Taxi Rank,32,-1,-1,24
117,28.04167,-26.14292,Cradock Taxi Rank,66,13,52,52
118,28.04141,-26.14241,Cradock Taxi Rank,66,13,52,52
119,28.04167,-26.14237,Cradock Taxi Rank,66,13,52,52
120,28.04158,-26.14249,Cradock Taxi Rank (Rosebank),66,13,52,52
121,27.97302,-26.13214,Cresta Mall Taxi Rank,31,-1,-1,51
122,27.971559999999997,-26.129820000000002,Cresta Mall Taxi Rank,31,-1,-1,51
123,27.970959999999998,-26.12969,Cresta Mall Taxi Rank,31,-1,-1,51
124,28.53084,-25.67162,Cullinan Fourways Taxi Rank,21,-1,3,3
125,28.520559999999996,-25.67312,Cullinan Taxi Rank,21,-1,3,3
126,27.936359999999997,-26.301479999999998,Dark City Taxi Rank,20,-1,-1,58
127,28.71655,-25.6864,Dark City Taxi Rank,6,14,0,0
128,28.716279999999998,-25.686429999999998,"Dark City Taxi Rank, Ekangala G",6,14,0,0
129,28.41716,-26.15312,Daveyton Taxi Rank,27,15,17,17
130,28.416970000000003,-26.15175,Daveyton Taxi Rank,27,15,17,17
131,28.416590000000003,-26.15314,Daveyton Taxi Rank,27,15,17,17
132,28.41665,-26.152839999999998,Daveyton Taxi Rank,27,15,17,17
133,28.41718,-26.15261,Daveyton Taxi Rank,27,15,17,17
134,28.247940000000003,-26.31545,Dawn Park Taxi Rank,30,-1,-1,41
135,28.343420000000002,-25.72008,Denneboom Taxi Rank,38,16,15,15
136,28.33662,-25.71715,Denneboom Taxi Rank,38,16,15,15
137,28.33912,-25.718000000000004,Denneboom Taxi Rank,38,16,15,15
138,28.33897,-25.71781,Denneboom Taxi Rank,38,16,15,15
139,28.33645,-25.7172,Denneboom Taxi Rank,38,16,15,15
140,27.94068,-26.248829999999998,Diepkloof Taxi Rank,20,3,61,61
141,27.94002,-26.24982,Diepkloof Taxi Rank,20,3,61,61
142,28.018629999999998,-25.9424,Diepsloot Mall Taxi Rank,40,-1,12,12
143,28.02004,-25.942510000000002,Diepsloot Mall Taxi Rank,40,-1,12,12
144,28.022940000000002,-25.92247,Diepsloot Taxi Rank,40,-1,12,12
145,28.0156,-25.93165,Diepsloot Taxi Rank,40,-1,12,12
146,28.003859999999996,-25.93645,"Diepsloot Taxi Rank Extension 7, Nomavuka Drive",40,-1,12,12
147,28.00382,-25.93682,"Diepsloot Taxi Rank Extension 7, Nomavuka Drive",40,-1,12,12
148,27.80392,-26.229779999999998,Dobsonville Gardens Taxi Rank,1,-1,-1,63
149,27.87023,-26.21319,Dobsonville Taxi Rank,49,17,65,65
150,27.87104,-26.21493,Dobsonville Taxi Rank,49,17,65,65
151,27.87063,-26.21311,Dobsonville Taxi Rank,49,17,65,65
152,27.870659999999997,-26.21327,Dobsonville Taxi Rank,49,17,65,65
153,28.04911,-26.201629999999998,Doornfontain Taxi Rank,7,9,53,53
154,28.052659999999996,-26.19742,Doornfontein Station Taxi Rank,7,9,53,53
155,28.051170000000003,-26.19749,Doornfontein Taxi Rank,7,9,53,53
156,27.84413,-26.472409999999996,Drieziek D Taxi Rank,34,18,25,25
157,27.843940000000003,-26.47206,Drieziek Taxi Rank,34,18,25,25
158,27.844659999999998,-26.47237,Drieziek Taxi Rank,34,18,25,25
159,27.844340000000003,-26.47205,Drieziek Taxi Rank,34,18,25,25
160,27.84413,-26.472459999999998,Drieziek Taxi Rank,34,18,25,25
161,27.844359999999998,-26.47203,Drieziek Taxi Rank,34,18,25,25
162,27.843840000000004,-26.47229,Driezik Taxi Rank Corner Golden Highway and Street 07 Street,34,18,25,25
163,27.84341,-26.47223,"Driezik Taxi Rank, Corner Golden Highway and Street 07 Street",34,18,25,25
164,27.89312,-26.232509999999998,Dube Station Taxi Rank,49,-1,62,62
165,28.38847,-26.380090000000003,Duduza Ext 15 Taxi Rank,47,5,13,13
166,28.3892,-26.31053,Duduza Taxi Rank,10,19,14,14
167,28.3898,-26.31199,Duduza Taxi Rank,10,19,14,14
168,28.38873,-26.380540000000003,Duduza Taxi Rank,47,5,13,13
169,28.38972,-26.31212,Duduza Taxi Rank,10,19,14,14
170,28.389740000000003,-26.31209,Duduza Taxi Rank,10,19,14,14
171,28.388720000000003,-26.38053,Duduza Taxi Rank,47,5,13,13
172,28.38973,-26.3121,Duduza Taxi Rank,10,19,14,14
173,28.38978,-26.310809999999996,Duduza Taxi Rank,10,19,14,14
174,28.19039,-26.22552,Dukathole Taxi Rank,44,-1,35,35
175,28.435909999999996,-26.34985,Dunnottar Taxi Rank,10,-1,-1,13
176,28.283459999999998,-26.20874,Dunswart Station Taxi Rank,14,20,37,37
177,28.285829999999997,-26.20824,Dunswart Station Taxi Rank,14,20,37,37
178,28.287390000000002,-26.209429999999998,Dunswart Station Taxi Rank,14,20,37,37
179,28.28616,-26.20833,Dunswart Station Taxi Rank,14,20,37,37
180,28.2865,-26.208270000000002,Dunswart Station Taxi Rank,14,20,37,37
181,28.28342,-26.20918,Dunswart Taxi Rank,14,20,37,37
182,28.28395,-26.2089,Dunswart Taxi Rank,14,20,37,37
183,28.11893,-26.18215,East Gate Taxi Rank,39,-1,-1,45
184,28.26997,-25.7113,East Lynne A Taxi Rank,38,-1,-1,15
185,28.24178,-26.18364,East Rand Mall Taxi Rank,43,-1,33,33
186,28.119090000000003,-26.17977,Eastgate Mall Taxi Rank,39,-1,-1,45
187,28.11867,-26.18215,Eastgate Taxi Rank,39,-1,-1,45
188,28.179129999999997,-26.00374,Ebony Park Taxi Rank,51,21,36,36
189,28.156,-26.143520000000002,"Edenvale Mall, Taxi Rank",16,-1,45,45
190,28.1495,-26.13656,Edenvale Taxi Rank,16,-1,45,45
191,28.149720000000002,-26.13697,Edenvale Taxi Rank,16,-1,45,45
192,28.71712,-25.6847,Ekandustria Road Taxi Rank,6,14,0,0
193,28.205840000000002,-26.16751,Elandfontein Taxi Rank,16,22,33,33
194,28.204290000000004,-26.16619,Elandsfontain Metrorail Station Taxi Rank,16,22,33,33
195,28.20604,-26.167460000000002,Elandsfontein Station Taxi Rank,16,22,33,33
196,28.20522,-26.16845,Elandsfontein Station Taxi Rank,16,22,33,33
197,28.204629999999998,-26.16636,Elandsfontein Taxi Rank,16,22,33,33
198,28.03357,-25.78639,Elandsfontein Taxi Rank,54,23,23,23
199,28.204520000000002,-26.1663,Elandsfontein Taxi Rank,16,22,33,33
200,28.034509999999997,-25.78659,Elandsfontein Taxi Rank,54,23,23,23
201,27.905790000000003,-26.293390000000002,Eldorado Park Taxi Rank,36,-1,58,58
202,27.891920000000002,-26.2791,Eldorado Taxi Rank,36,24,58,58
203,27.96319,-25.623520000000003,Elite Trade Centre Taxi Rank,29,-1,4,4
204,27.963140000000003,-25.62349,Elite Trade Centre Taxi Rank,29,-1,4,4
205,28.058159999999997,-26.199579999999997,Ellis Park Taxi Rank,7,9,53,53
206,27.679240000000004,-26.40605,"Elsburg, South Deep Taxi Rank",64,-1,-1,6
207,29.208820000000003,-25.87627,Emalahleni Taxi Rank,24,-1,-1,0
208,27.81833,-26.24683,Emdeni Taxi Rank,1,25,63,63
209,27.81832,-26.24875,"Emdeni Taxi Rank, Yshangisa Street",1,25,63,63
210,28.09204,-25.811420000000002,Erasmia Taxi Rank,3,-1,31,31
211,28.09239,-25.81135,Erasmia Taxi Rank,3,-1,31,31
212,28.04427,-25.55835,Erasmus Taxi Rank,9,-1,4,4
213,28.04444,-25.55874,Erasmus Taxi Rank,9,-1,4,4
214,28.23657,-26.02509,Esselen Park Taxi Rank,19,-1,32,32
215,28.478679999999997,-26.119229999999998,Etwatwa East Taxi Rank,27,-1,-1,17
216,27.85881,-26.50453,Evaton Ext 9 Taxi Rank,34,26,26,26
217,27.86174,-26.50432,Evaton Ext 9 Taxi Rank,34,26,26,26
218,27.8582,-26.50473,Evaton Ext 9 Taxi Rank,34,26,26,26
219,27.8583,-26.50485,Evaton Ext 9 Taxi Rank,34,26,26,26
220,27.85827,-26.50478,Evaton Ext 9 Taxi Rank,34,26,26,26
221,27.82638,-26.529359999999997,Evaton Mall Taxi Rank,5,-1,-1,26
222,27.82661,-26.533659999999998,Evaton Mall Taxi Rank,5,-1,-1,26
223,27.818620000000003,-26.52443,Evaton Taxi Rank,5,-1,-1,26
224,27.866429999999998,-26.45474,Ext 2 Taxi Rank,22,27,28,28
225,27.85947,-26.504109999999997,Ext 9 (Orange Farm) Taxi Rank,34,26,26,26
226,28.02015,-25.922929999999997,Extension 2 Diepsloot Taxi Rank,40,-1,12,12
227,27.869670000000003,-26.47245,Eyethu Mall Taxi Rank,34,28,27,27
228,27.869609999999998,-26.47265,Eyethu Mall Taxi Rank,34,28,27,27
229,27.86975,-26.47167,Eyethu Mall Taxi Rank,34,28,27,27
230,27.8696,-26.472590000000004,Eyethu Mall Taxi Rank,34,28,27,27
231,27.86928,-26.46971,Eyethu Mall Taxi Rank,34,28,27,27
232,27.869329999999998,-26.47014,Eyethu Mall Taxi Rank,34,28,27,27
233,27.86973,-26.472590000000004,Eyethu Mall Taxi Rank,34,28,27,27
234,28.04553,-26.2126,Faraday Taxi Rank,7,9,53,53
235,28.046440000000004,-26.21229,Faraday Taxi Rank,7,9,53,53
236,28.046470000000003,-26.212239999999998,Faraday Taxi Rank,7,9,53,53
237,27.870359999999998,-26.426440000000003,Finetown B Taxi Rank,22,-1,21,21
238,27.86249,-26.41645,"Finetown C Taxi Rank, Corner 5th Avenue and Beatrice Street",22,-1,21,21
239,27.851770000000002,-26.411270000000002,Finetown Taxi Rank,22,-1,21,21
240,27.91092,-26.17287,Florida Taxi Rank,12,-1,-1,49
241,27.91105,-26.17253,Florida Taxi Rank,12,-1,-1,49
242,27.494870000000002,-26.4944,Fochville Taxi Rank,41,-1,6,6
243,27.494870000000002,-26.494429999999998,Fochville Taxi Rank,41,-1,6,6
244,28.09988,-25.89002,Forest Hill City Mall Taxi Rank,25,-1,31,31
245,28.00951,-26.018320000000003,Fourways Crossin Taxi Rank,58,29,47,47
246,28.00982,-26.01594,Fourways Crossing Taxi Rank,58,29,47,47
247,28.00412,-26.01683,Fourways Taxi Rank,58,29,47,47
248,28.00412,-26.01685,Fourways Taxi Rank,58,29,47,47
249,28.00409,-26.01707,Fourways Taxi Rank,58,29,47,47
250,28.012190000000004,-25.62049,Ga-Rankuwa Hospital (Main Gate) Taxi Rank,29,-1,4,4
251,28.006759999999996,-25.61891,Ga-Rankuwa Taxi Rank,29,-1,4,4
252,28.00698,-25.619529999999997,Garankuwa Taxi Rank,29,-1,4,4
253,28.16672,-26.21061,Germiston Station Taxi Rank,44,30,35,35
254,28.170270000000002,-26.21155,Germiston Taxi Rank,44,30,35,35
255,28.169040000000003,-26.21203,Germiston Taxi Rank,44,30,35,35
257,28.17022,-26.21151,Germiston Taxi Rank,44,30,35,35
258,28.16865,-26.21145,Germiston Taxi Rank,44,30,35,35
259,28.16862,-26.2122,Germiston Taxi Rank,44,30,35,35
260,28.16928,-26.21203,Germiston Taxi Rank,44,30,35,35
261,28.170240000000003,-26.21173,Germiston Taxi Rank,44,30,35,35
263,28.16762,-26.21123,Germiston Taxi Rank,44,30,35,35
264,28.16872,-26.21229,Germiston Taxi Rank,44,30,35,35
266,28.169109999999996,-26.21269,Germiston Taxi Rank,44,30,35,35
267,28.16902,-26.21199,GermistonTaxi Rank,44,30,35,35
268,28.05045,-26.268559999999997,Glen Mall Taxi Rank,7,-1,-1,53
269,28.01053,-26.23752,Gold Reef City Taxi Rank,7,-1,53,53
270,28.21875,-26.34215,Goldspot Taxi Rank Vosloorus,30,31,42,42
271,27.863490000000002,-26.425729999999998,Grasmere Station Taxi Rank,22,-1,21,21
272,27.92404,-26.16385,Green Taxi Rank,12,-1,-1,49
273,28.13268,-26.39718,Greenfields Taxi Rank,56,-1,20,20
274,28.142409999999998,-26.11979,Greenstone Shopping Centre Taxi Rank,16,-1,45,45
275,28.281270000000003,-25.40723,Hammanskraal Station Taxi Rank,13,-1,1,1
276,28.28061,-25.40914,Hammanskraal Station Taxi Rank,13,-1,1,1
277,28.2825,-25.40629,Hammanskraal Taxi Rank,13,-1,1,1
278,28.2825,-25.40604,Hammanskraal Taxi Rank,13,-1,1,1
279,28.05102,-26.19685,Hancock Street Taxi Rank (Hillbrow),7,9,53,53
280,28.35995,-26.502570000000002,Heidelberg Taxi Rank,47,-1,-1,13
281,27.95712,-26.20498,Highgate B Taxi Rank,20,-1,-1,61
282,28.04857,-26.187160000000002,Hillbrow Taxi Rank,7,9,53,53
283,27.9284,-26.07839,Honeydew Spar Taxi Rank,17,-1,48,48
284,27.90475,-26.05359,Honeydew Taxi Rank,17,-1,48,48
285,27.90496,-26.05301,Honeydew Taxi Rank,17,-1,48,48
286,27.90721,-26.05348,Honeydew Taxi Rank,17,-1,48,48
287,27.907220000000002,-26.05276,Honeydew Taxi Rank,17,-1,48,48
288,27.84583,-26.60918,Houtkop Taxi Rank,60,-1,-1,26
289,27.84586,-26.609990000000003,Houtkop Taxi Rank,60,-1,-1,26
290,27.87505,-26.23072,Ikhwezi Taxi Rank,49,17,65,65
291,27.876490000000004,-26.23005,Ikwezi Station Taxi Rank,49,17,65,65
292,28.04938,-26.12949,Illovo Taxi Rank,66,-1,52,52
293,27.966340000000002,-26.01221,Inanda Taxi Rank,17,-1,46,46
294,28.25201,-25.86477,Irene Mall Taxi Rank,50,-1,-1,39
295,28.20562,-25.98143,Ivory Park Ext 13 Taxi Rank,51,-1,39,39
296,28.18233,-26.00757,Ivory Park Taxi Rank,51,21,36,36
297,28.18225,-26.00763,Ivory Park Taxi Rank,51,21,36,36
298,28.18147,-26.00685,Ivory Park Taxi Rank,51,21,36,36
299,28.1825,-26.007170000000002,Ivory Park Taxi Rank,51,21,36,36
300,28.182479999999998,-26.00701,Ivory Park Taxi Rank,51,21,36,36
301,28.18256,-26.00708,Ivory Park Taxi Rank,51,21,36,36
302,27.88154,-26.24455,Jabavu Taxi Rank,49,-1,-1,65
303,27.853409999999997,-26.24918,Jabulani Mall Taxi Rank,36,-1,64,64
304,27.86068,-26.2482,Jabulani Taxi Rank,36,-1,65,65
305,28.007379999999998,-26.09497,Jan Smut Avenue Taxi Rank,31,32,51,51
306,28.06275,-26.20315,Jeppe Station Taxi Rank,7,9,53,53
307,28.044990000000002,-26.20115,Jeppe Street Taxi Rank,7,9,53,53
308,27.92458,-26.10462,John Vorster Road Taxi Rank,12,-1,48,48
309,28.033820000000002,-26.193089999999998,Jorissen Street Taxi Rank,7,9,53,53
310,28.26946,-25.40609,Jubille Mall Taxi Rank,13,-1,1,1
311,27.791359999999997,-26.17526,Kagiso Ext 12 Taxi Rank,62,-1,57,57
312,27.78313,-26.15859,Kagiso Taxi Rank,62,-1,57,57
313,27.82583,-26.23449,Kaimane Street Taxi Rank,1,-1,63,63
314,28.08953,-25.7615,Kalafong Taxi Rank,3,-1,-1,31
315,28.08966,-25.761470000000003,Kalafong Taxi Rank,3,-1,-1,31
316,28.088990000000003,-25.76162,Kalafong Taxi Rank,3,-1,-1,31
317,28.14234,-26.327759999999998,Kathlelong Centre Taxi Rank,33,33,34,34
318,28.147,-26.32648,Katlehong Hospital Taxi Rank,33,33,34,34
319,28.145940000000003,-26.326109999999996,Katlehong Peoples Taxi Association Taxi Rank,33,33,34,34
320,28.229329999999997,-26.11022,Kempton Park Taxi Rank,65,34,29,29
321,28.22768,-26.10687,Kempton Park Taxi Rank,65,34,29,29
322,28.22863,-26.108,Kempton Park Taxi Rank,65,34,29,29
323,28.227290000000004,-26.10603,Kempton Park Taxi Rank,65,34,29,29
324,28.227320000000002,-26.10611,Kempton Park Taxi Rank,65,34,29,29
325,28.22968,-26.11093,Kempton Park Taxi Rank,65,34,29,29
326,28.229020000000002,-26.10954,Kempton Park Taxi Rank,65,34,29,29
327,28.22893,-26.10913,Kempton Park Taxi Rank,65,34,29,29
328,28.229340000000004,-26.11024,Kempton Park Taxi Rank,65,34,29,29
329,28.227290000000004,-26.10601,Kempton Park Train Station Taxi Rank,65,34,29,29
330,27.780240000000003,-26.090670000000003,Key West Shopping Centre Taxi Rank,32,-1,24,24
331,27.78261,-26.08856,Key West Shopping Centre Taxi Rank,32,-1,24,24
332,28.04553,-26.195970000000003,King George St Taxi Rank,7,9,53,53
333,28.397990000000004,-26.18698,Kingsway Taxi Rank,27,-1,17,17
334,27.89068,-26.27615,Kliptown B Taxi Rank,36,24,58,58
335,27.89108,-26.277340000000002,Kliptown Taxi Rank,36,24,58,58
336,27.89175,-26.27907,Kliptown Taxi Rank,36,24,58,58
337,27.89085,-26.27617,Kliptown Taxi Rank,36,24,58,58
338,27.8905,-26.27715,Kliptown Taxi Rank,36,24,58,58
339,27.572429999999997,-26.44655,Kloof Mine Taxi Rank,23,-1,6,6
340,27.46961,-26.4944,Kokosi Taxi Rank,41,-1,6,6
341,27.468970000000002,-26.49473,Kokosi Taxi Rank,41,-1,6,6
342,27.770979999999998,-26.10846,Krugersdorp Station Taxi Rank,32,-1,24,24
343,27.770490000000002,-26.09682,Krugersdorp Taxi Rank,32,-1,24,24
344,28.72222,-25.400270000000003,Kwamhlanga Taxi Rank,26,-1,-1,0
345,28.39136,-26.31036,Kwathema Taxi Rank,10,19,14,14
346,28.32095,-26.18459,Lakeside Mall Taxi Rank,14,35,44,44
347,28.318170000000002,-26.183729999999997,Lakeside Mall Taxi Rank,14,35,44,44
348,28.31897,-26.18525,Lakeside Mall Taxi Rank,14,35,44,44
349,28.318409999999997,-26.184089999999998,Lakeside Mall Taxi Rank,14,35,44,44
350,28.318690000000004,-26.18388,Lakeside Taxi Rank,14,35,44,44
351,28.32077,-26.18449,Lakeside Taxi Rank,14,35,44,44
352,28.31833,-26.18374,Lakeside Taxi Rank,14,35,44,44
353,27.88911,-25.89921,Lanseria Taxi Rank,55,-1,-1,46
354,27.88978,-25.89911,Lanseria Taxi Rank,55,-1,-1,46
355,27.81257,-26.381790000000002,"Lawley Taxi Rank Office, Corner 2nd Avenue and Lawley Road",45,-1,-1,21
356,27.894759999999998,-26.3446,Lehae Taxi Rank,45,-1,-1,58
357,27.865070000000003,-26.33284,Lenasia Ext 9 Taxi Rank,45,-1,-1,60
358,27.862209999999997,-26.39491,Lenasia South Taxi Rank,22,-1,21,21
359,27.824920000000002,-26.31976,Lenasia Taxi Rank,45,36,60,60
360,27.824040000000004,-26.319159999999997,Lenasia Taxi Rank,45,36,60,60
361,27.82495,-26.32007,Lenasia Taxi Rank,45,36,60,60
362,27.82375,-26.319309999999998,Lenasia Taxi Rank,45,36,60,60
363,27.82505,-26.31922,Lenasia Taxi Rank,45,36,60,60
364,27.82473,-26.31975,Lenasia Taxi Rank,45,36,60,60
365,27.82505,-26.3192,Lenasia Taxi Rank,45,36,60,60
366,27.82452,-26.31925,Lenasia Taxi Rank,45,36,60,60
367,27.82467,-26.319000000000003,Lenasia Taxi Rank,45,36,60,60
368,27.82483,-26.32005,Lenasia Taxi Rank,45,36,60,60
369,27.8248,-26.3196,Lenasia Taxi Rank,45,36,60,60
370,27.824920000000002,-26.319709999999997,Lenasia Taxi Rank,45,36,60,60
371,27.825059999999997,-26.31917,Lensasia Taxi Rank,45,36,60,60
373,27.8083,-26.17194,Leratong Hospital Taxi Rank,62,-1,57,57
374,27.807640000000003,-26.17124,Leratong Hospital Taxi Rank,62,-1,57,57
375,27.80817,-26.1712,Leratong Taxi Rank,62,-1,57,57
376,27.609309999999997,-26.347990000000003,Libanon Gold Mine Taxi Rank,37,-1,-1,6
377,28.03489,-26.20201,Lilian Ngoyi Street Taxi Rank,7,9,53,53
378,27.92565,-25.996370000000002,Lion Park Taxi Rank,17,-1,46,46
379,27.925490000000003,-25.99584,Lions Park Taxi Rank,17,-1,46,46
380,27.92584,-25.99614,Lions Park Taxi Rank,17,-1,46,46
381,28.0411,-26.20484,Loveday Taxi Rank,7,9,53,53
382,28.04138,-26.20555,Loveday Taxi Rank,7,9,53,53
383,28.041179999999997,-26.20559,Loveday Taxi Rank,7,9,53,53
384,28.04117,-26.20391,"Loveday Taxi Rank, Corner Loveday Street and Pritchard Street",7,9,53,53
385,28.04133,-26.205370000000002,"Loveday Taxi Rank, Loveday Street",7,9,53,53
386,27.76905,-26.10576,Luipaard Stop Taxi Rank,32,-1,24,24
387,28.343709999999998,-25.77812,Lynnwood Road Taxi Rank,4,-1,16,16
388,28.3435,-25.778129999999997,"Lynnwood Taxi Rank, Corner Solomon Mahlangu Drive and Lynnwood Drive",4,-1,16,16
389,28.044970000000003,-26.19901,MTN Taxi Rank,7,9,53,53
390,28.048709999999996,-26.20008,"MTN Taxi Rank, Corner Troye Street and Lilian Ngoyi Street",7,9,53,53
391,28.088279999999997,-25.49428,Mabopane Station B Taxi Rank,42,11,5,5
392,28.08775,-25.49545,Mabopane Station Main Taxi Rank,42,11,5,5
393,28.088790000000003,-25.49458,Mabopane Station Taxi Rank,42,11,5,5
394,28.088340000000002,-25.494770000000003,Mabopane Station Taxi Rank,42,11,5,5
395,28.089059999999996,-25.49267,Mabopane Station Taxi Rank,42,11,5,5
396,27.959559999999996,-25.443379999999998,Madidi Taxi Rank,42,-1,-1,5
397,27.547940000000004,-26.00219,Magaliesburg Taxi Rank,48,-1,-1,24
398,27.83182,-26.24517,Maholwane Street Taxi Rank,1,25,63,63
399,28.41355,-25.709429999999998,Mahube Valley Taxi Rank,67,-1,10,10
400,28.048709999999996,-26.206129999999998,Main and Delvers Street Taxi Rank,7,9,53,53
401,28.391659999999998,-26.3099,Majola Street Taxi Rank,10,19,14,14
402,28.12017,-25.23706,Makapanstad Taxi Rank,46,-1,-1,1
403,27.81055,-26.23153,Makhado Taxi Rank,1,-1,-1,63
404,27.93972,-26.01655,Malibongwe Drive Taxi Rank,17,12,46,46
405,28.041690000000003,-26.14247,Mall of Rosebank Taxi Rank,66,13,52,52
406,28.05732,-26.31734,Mall of The South Taxi Rank,63,-1,-1,34
407,28.334609999999998,-25.71545,Mamelodi Crossing Shopping Centre Taxi Rank,38,16,15,15
408,28.3348,-25.71509,Mamelodi Crossing Shopping Centre Taxi Rank,38,16,15,15
409,28.4009,-25.72391,Mamelodi Taxi Rank/ Mamelody Campus,67,37,10,10
410,28.4009,-25.72389,Mamelodi Taxi Rank/University of Pretoria - Mamelodi Campus,67,37,10,10
411,27.85537,-26.283690000000004,Mangalani Shopping Centre Taxi Rank,36,-1,-1,64
412,27.89882,-26.261090000000003,Maponya Mall Taxi Rank,36,-1,58,58
413,27.90193,-26.259590000000003,Maponya Mall Taxi Rank,36,-1,58,58
414,28.17732,-25.73999,"Marabastad Taxi Rank, Corner 8th Street and Boom Street",15,0,19,19
415,28.18115,-25.7389,"Marabastad, Belle Ombre Taxi Rank",15,0,19,19
416,28.175290000000004,-25.74054,Marabastard Taxi Rank,15,0,19,19
417,28.207990000000002,-25.3625,Mashemong Taxi Rank,13,-1,1,1
418,27.87275,-26.22213,Matlala Taxi Rank (Dobsonville),49,17,65,65
419,27.8738,-26.222140000000003,Matlala Taxi Rank (Dobsonville),49,17,65,65
420,27.824140000000003,-26.24873,Matshaya Street Taxi Rank,1,25,63,63
421,28.1747,-26.03331,Mayibuye Taxi Rank,51,-1,-1,36
422,28.17535,-26.03313,Mayibuye Taxi Rank,51,-1,-1,36
423,27.75178,-26.06719,Mayibuye Taxi Rank,32,-1,24,24
424,28.04895,-26.1887,Mcdonald's Hillbrow Taxi Rank,7,9,53,53
425,27.9015,-26.2199,Meadow Point Shopping Centre Taxi Rank,49,-1,62,62
426,28.27628,-25.780929999999998,Menlyn Park Taxi Rank,4,-1,-1,16
427,27.848240000000004,-26.263790000000004,Merafe Taxi Rank,36,-1,64,64
428,27.847759999999997,-26.262959999999996,Merafe Taxi Rank,36,-1,64,64
429,27.848029999999998,-26.26333,Merafe Taxi Rank,36,-1,64,64
430,27.847959999999997,-26.26319,Merafe Taxi Rank,36,-1,64,64
431,28.011359999999996,-26.55592,Meyerton Station Taxi Rank,69,-1,-1,7
432,28.12837,-25.998079999999998,Midrand Taxi Rank,0,7,30,30
433,28.12762,-25.99771,Midrand Taxi Rank,0,7,30,30
434,28.128659999999996,-25.99823,Midrand Taxi Rank,0,7,30,30
435,28.127990000000004,-25.99774,Midrand Taxi Rank,0,7,30,30
436,28.128079999999997,-25.99793,Midrand Taxi Rank,0,7,30,30
437,28.12922,-25.997529999999998,Mildrand Taxi Rank,0,7,30,30
438,27.931620000000002,-26.227690000000003,Mlamlankunzi Taxi Rank (Oralndo East),20,-1,61,61
439,27.93223,-26.22743,"Mlamlankunzi Taxi Rank, Corner Mooki Street and Soweto Highway",20,-1,61,61
440,27.81833,-26.246940000000002,Mndeni Taxi Rank,1,25,63,63
441,27.81832,-26.24737,Mndeni Taxi Rank,1,25,63,63
442,27.908920000000002,-26.21722,Modise Taxi Rank,49,-1,62,62
443,28.17388,-25.740779999999997,Mogul St Taxi Rank,15,0,19,19
444,28.17388,-25.74107,Mogul Street Taxi Rank,15,0,19,19
445,27.76912,-26.10547,Molepha Street Taxi Rank,32,-1,24,24
446,28.620540000000002,-25.463070000000002,Moloto Shopping Centre Taxi Rank,26,-1,-1,3
447,28.09255,-25.84832,Mooiplaas Informal Settlement Taxi Rank,25,-1,31,31
448,28.36157,-25.73462,Moreri Street Taxi Rank,38,-1,16,16
449,27.7838,-26.68665,Movhango Taxi Rank,11,-1,8,8
450,27.87063,-26.24535,Mputhi Street Taxi Rank,49,-1,65,65
451,27.755020000000002,-26.07988,Munsieville Taxi Rank,32,-1,24,24
452,27.78391,-26.68668,Mvhango Taxi Rank,11,-1,8,8
453,27.8321,-26.2616,Naledi Ext Taxi Rank,1,-1,-1,64
454,27.875809999999998,-26.504240000000003,Nandos Lakeside Taxi Rank,34,-1,26,26
455,27.8755,-26.50423,Nandos Taxi Rank,34,-1,26,26
456,27.87552,-26.50429,"Nandos Taxi Rank, Lakeside",34,-1,26,26
457,28.147240000000004,-26.326140000000002,Natal Spruit Taxi Rank,33,33,34,34
458,28.14488,-26.32687,Natal Spruit Taxi Rank,33,33,34,34
459,28.147090000000002,-26.32606,Natal Spruit Taxi Rank,33,33,34,34
460,28.14705,-26.326009999999997,Natal Spruit Taxi Rank,33,33,34,34
461,28.14563,-26.3261,Natal Spruit Taxi Rank,33,33,34,34
462,28.145540000000004,-26.326490000000003,Natal Spruit Taxi Rank,33,33,34,34
463,28.1454,-26.3263,Natal Spruit Taxi Rank,33,33,34,34
464,28.14722,-26.32593,Natal Spruit Taxi Rank,33,33,34,34
465,28.145940000000003,-26.32654,Natal Spruit Taxi Rank,33,33,34,34
466,28.147090000000002,-26.326009999999997,Natal Spruit Taxi Rank,33,33,34,34
467,28.144990000000004,-26.326790000000003,Natalspruit Hospital Taxi Rank,33,33,34,34
468,28.142459999999996,-26.32773,"Natalspruit Hospital, Kathlehong Centre Taxi rank",33,33,34,34
469,28.147909999999996,-26.32445,Natalspruit Taxi Rank,33,33,34,34
470,27.899009999999997,-26.222540000000002,Ndofaya Mall Taxi Rank,49,-1,62,62
471,28.360529999999997,-25.73959,Nellmapius Taxi Rank,38,-1,16,16
472,27.941990000000004,-26.215870000000002,New Canada Taxi Rank,20,-1,61,61
473,28.121259999999996,-26.2616,New Red Ruth Taxi Rank,33,-1,-1,41
474,28.470779999999998,-26.414759999999998,Nigel Taxi Rank,59,-1,-1,13
475,28.715999999999998,-25.686999999999998,Nkangala Taxi Rank,6,14,0,0
476,28.71612,-25.68678,Nkangala Taxi Rank/Ekandustria,6,14,0,0
477,28.02075,-25.922929999999997,No 2 Diepsloot Taxi Rank,40,-1,12,12
478,28.04785,-26.19979,Noord Taxi Rank,7,9,53,53
479,28.04673,-26.19859,Noord Taxi Rank,7,9,53,53
480,28.047790000000003,-26.199370000000002,Noord Taxi Rank,7,9,53,53
481,28.04782,-26.19962,Noord Taxi Rank,7,9,53,53
482,28.04662,-26.19794,Noord Taxi Rank,7,9,53,53
483,28.04781,-26.19952,Noord Taxi Rank,7,9,53,53
484,28.0467,-26.198439999999998,Noord Taxi Rank,7,9,53,53
485,28.047729999999998,-26.19931,Noord Taxi Rank,7,9,53,53
486,28.04857,-26.199070000000003,Noord Taxi Rank,7,9,53,53
487,28.04859,-26.19921,Noord Taxi Rank,7,9,53,53
488,28.04768,-26.198710000000002,Noord Taxi Rank,7,9,53,53
489,28.04781,-26.19953,Noord Taxi Rank,7,9,53,53
490,28.04853,-26.19934,Noord Taxi Rank,7,9,53,53
491,28.04862,-26.19939,Noord Taxi Rank,7,9,53,53
492,28.04842,-26.197960000000002,Noord Taxi Rank(Station),7,9,53,53
493,27.93267,-26.22717,Noordgesig Taxi Rank,20,-1,61,61
494,28.12374,-25.95107,Noordwyk Taxi Rank,25,-1,31,31
495,27.94533,-26.06097,North Gate Mall Taxi Rank,17,-1,48,48
496,27.945659999999997,-26.05954,North Gate Shopping Centre Taxi Rank,17,-1,48,48
497,27.944090000000003,-26.05849,North Gate Taxi Rank,17,-1,48,48
498,28.05286,-26.20437,Nugget Street Taxi Rank,7,9,53,53
499,28.24793,-26.00445,Oakmoor East Taxi Rank,19,38,32,32
500,28.24917,-26.00647,Oakmoor East Taxi Rank,19,38,32,32
501,28.246959999999998,-26.00508,Oakmoor Taxi Rank,19,38,32,32
502,28.24805,-26.00425,Oakmoor Taxi Rank,19,38,32,32
503,28.247729999999997,-26.00507,Oakmoor Taxi Rank,19,38,32,32
504,28.24786,-26.00374,Oakmoor Taxi Rank,19,38,32,32
505,28.24885,-26.00686,Oakmore Taxi Rank,19,38,32,32
506,28.247840000000004,-26.004170000000002,Oakmore Taxi Rank,19,38,32,32
507,28.250140000000002,-26.0065,Oakmore Taxi Rank,19,38,32,32
508,27.3915,-26.34422,Oberholzer Taxi Rank,8,10,2,2
509,27.391859999999998,-26.3454,Oberholzer Taxi Rank,8,10,2,2
510,28.09455,-25.91506,Olievenhoutbos Taxi Rank,25,-1,31,31
511,28.09719,-25.912589999999998,"Olievenhoutbos Taxi Rank, Bohlale Street",25,-1,31,31
512,28.09903,-25.92302,Olievenhoutbosch Plaza Taxi Rank,25,-1,31,31
513,28.122690000000002,-25.95008,Olifantsfontein Road Taxi Rank,25,-1,31,31
514,28.23283,-25.95005,Olifantsfontein Taxi Rank,19,-1,-1,39
515,28.233140000000002,-25.94921,Olifantsfontein Taxi Rank,19,-1,-1,39
516,28.233159999999998,-25.949070000000003,Olifantsfontein Taxi Rank,19,-1,-1,39
517,28.098129999999998,-25.92559,Olivenhoutbosch Taxi Rank,25,-1,31,31
518,28.098129999999998,-25.92556,Olivenhoutbosch Taxi Rank,25,-1,31,31
519,27.86587,-26.45443,Orange Farm Ext 2 Taxi Rank,22,27,28,28
520,27.865509999999997,-26.454279999999997,Orange Farm Ext 2 Taxi Rank,22,27,28,28
521,27.865820000000003,-26.45443,Orange Farm Ext 2 Taxi Rank,22,27,28,28
522,27.865909999999996,-26.45445,Orange Farm Ext 2 Taxi Rank,22,27,28,28
523,27.865940000000002,-26.45448,Orange Farm Ext 2 Taxi Rank,22,27,28,28
524,27.86645,-26.45465,"Orange Farm Ext 2 Taxi Rank, Link Road",22,27,28,28
525,27.85935,-26.50415,"Orange Farm, Lakeside Ext 9 Taxi Rank",34,26,26,26
526,27.929759999999998,-26.242829999999998,Orlando East Taxi Rank,20,3,61,61
527,27.935240000000004,-26.24338,Orlando East Taxi Rank,20,3,61,61
528,27.929920000000003,-26.24292,Orlando East Taxi Rank,20,3,61,61
529,27.91855,-26.240070000000003,Orlando Taxi Rank,20,-1,61,61
530,28.123170000000002,-26.27382,Padstow Taxi Rank,33,-1,-1,41
531,28.14381,-26.389120000000002,Palm Ridge Taxi Rank,56,-1,20,20
532,27.84658,-26.497059999999998,Palm Springs Mall Taxi Rank,34,-1,26,26
533,28.08848,-26.1104,Pan Africa Shopping Centre Taxi Rank,18,39,56,56
534,28.08683,-26.10923,Pan Africa Taxi Rank,18,39,56,56
535,28.08747,-26.110329999999998,Pan Africa Taxi Rank,18,39,56,56
536,28.086579999999998,-26.11019,Pan Africa Taxi Rank,18,39,56,56
537,28.087979999999998,-26.11037,Pan Africa Taxi Rank,18,39,56,56
538,28.08775,-26.11035,Pan African Shopping Centre Taxi Rank,18,39,56,56
539,28.08675,-26.11003,Pan African Shopping Centre Taxi Rank,18,39,56,56
540,28.08747,-26.110229999999998,Pan African Taxi Rank,18,39,56,56
541,28.088520000000003,-26.109379999999998,Pan African Taxi Rank,18,39,56,56
542,28.08857,-26.10891,Pan African Taxi Rank,18,39,56,56
543,28.08682,-26.10926,Pan African Taxi Rank,18,39,56,56
544,28.08679,-26.109560000000002,Pan African Taxi Rank,18,39,56,56
545,28.08848,-26.11027,Pan African Taxi Rank,18,39,56,56
546,28.08855,-26.10924,Pan African Taxi Rank,18,39,56,56
547,28.0879,-26.10875,Pan African Taxi Rank,18,39,56,56
548,28.088459999999998,-26.11055,Pan African Taxi Rank,18,39,56,56
549,28.08683,-26.10918,Pan African Taxi Rank,18,39,56,56
550,28.086240000000004,-26.11024,Pan African Taxi Rank,18,39,56,56
551,28.08675,-26.110020000000002,Pan African Taxi Rank,18,39,56,56
552,28.0879,-26.11036,Pan African Taxi Rank,18,39,56,56
553,28.088520000000003,-26.10977,Pan African Taxi Rank,18,39,56,56
554,28.088590000000003,-26.10895,Pan African Taxi Rank,18,39,56,56
555,28.08857,-26.109170000000002,Pan African Taxi Rank,18,39,56,56
556,28.086909999999996,-26.10829,Pan Taxi Rank,18,39,56,56
557,28.088459999999998,-26.10868,Pan Taxi Rank,18,39,56,56
558,28.0513,-26.198320000000002,"Park Central Taxi Rank, Corner De Villiers Street and Banket Street",7,9,53,53
559,28.049429999999997,-26.19847,"Park Central Taxi Rank, Corner Quartz Street and De Villiers Street",7,9,53,53
560,28.044559999999997,-26.19819,Park Station Taxi Rank,7,9,53,53
561,27.901709999999998,-26.236909999999998,Phefeni Station South Taxi Rank,49,-1,62,62
562,28.181379999999997,-26.03908,Phomolong Taxi Rank,51,-1,-1,40
563,28.0428,-25.78535,Phomolong Taxi Rank,54,23,23,23
564,28.043879999999998,-25.78541,Phomolong Taxi Rank,54,23,23,23
565,28.043909999999997,-25.784979999999997,Phomolong Taxi Rank,54,23,23,23
566,28.04395,-25.78507,Phomolong Taxi Rank,54,23,23,23
567,28.1805,-26.038729999999997,Phomolong Taxi Rank,51,-1,-1,40
568,28.04403,-25.78535,Phomolong Taxi Rank,54,23,23,23
569,28.043779999999998,-25.78545,Phomolong Taxi Rank,54,23,23,23
570,28.044179999999997,-25.78528,Phomolong Taxi Rank,54,23,23,23
571,28.04447,-25.78516,Phomolong Taxi Rank,54,23,23,23
573,28.19867,-26.31492,Phumula Taxi Rank,2,-1,41,41
574,28.049590000000002,-26.2006,Polly Street Taxi Rank,7,9,53,53
575,28.37743,-26.3411,Polosong Hospital Taxi Rank,10,-1,13,13
576,28.18739,-26.30702,Pomola Taxi Rank Leondale,2,-1,41,41
577,27.767870000000002,-26.45676,Poortjie Taxi Rank,34,-1,-1,25
578,28.19008,-25.75669,Pretoria Station Taxi Rank,15,0,19,19
579,28.1898,-25.756729999999997,Pretoria Station Taxi Rank,15,0,19,19
580,28.188959999999998,-25.75676,Pretoria Station Taxi Rank,15,0,19,19
581,28.188779999999998,-25.75681,Pretoria Station Taxi Rank,15,0,19,19
582,28.19027,-25.75667,"Pretoria Station Taxi Rank, Corner Scheiding Street and Railway Street",15,0,19,19
583,28.188229999999997,-25.75679,Pretoria Station Taxi Rank. Scheiding Street,15,0,19,19
584,28.047190000000004,-26.20254,Pritchard Street Taxi Rank,7,9,53,53
585,27.77034,-26.284809999999997,Protea Glen Ext 28 Taxi Rank,1,-1,-1,59
586,27.810509999999997,-26.270940000000003,Protea Glen Mall Taxi Rank,1,40,59,59
587,27.8118,-26.27041,Protea Glen Mall Taxi Rank,1,40,59,59
588,27.81387,-26.27758,Protea Glen Mall Taxi Rank,1,40,59,59
589,27.809959999999997,-26.27105,Protea Glen Mall Taxi Rank,1,40,59,59
590,27.811359999999997,-26.269990000000004,Protea Glen Mall Taxi Rank,1,40,59,59
591,27.810090000000002,-26.27103,Protea Glen Mall Taxi Rank,1,40,59,59
592,27.804309999999997,-26.27293,Protea Glen Taxi Rank,1,40,59,59
593,27.83625,-26.275009999999998,Protea North Taxi Rank,1,-1,64,64
594,28.531159999999996,-25.671020000000002,R515 Road Taxi Rank,21,-1,3,3
595,28.191409999999998,-25.75732,Railway St Taxi Rank,15,0,19,19
596,28.20775,-26.23028,Ramaphosa Taxi Rank,44,-1,35,35
597,28.20812,-26.23033,Ramaphosa Taxi Rank,44,-1,35,35
598,28.007579999999997,-26.095229999999997,Randburg Taxi Rank,31,32,51,51
599,28.00785,-26.09536,Randburg Taxi Rank,31,32,51,51
600,28.008090000000003,-26.09542,Randburg Taxi Rank,31,32,51,51
601,28.00773,-26.09544,Randburg Taxi Rank,31,32,51,51
603,28.007240000000003,-26.09478,Randburg Taxi Rank,31,32,51,51
604,28.00732,-26.094920000000002,Randburg Taxi Rank,31,32,51,51
605,28.00706,-26.095,Randburg Taxi Rank,31,32,51,51
606,28.00785,-26.09509,Randburg Taxi Rank,31,32,51,51
607,28.006690000000003,-26.09572,Randburg Taxi Rank,31,32,51,51
608,28.00698,-26.09531,Randburg Taxi Rank,31,32,51,51
609,28.00768,-26.09516,Randburg Taxi Rank,31,32,51,51
610,28.00732,-26.09489,"Randburg Taxi Rank, Jan Smuts Avenue",31,32,51,51
611,27.69805,-26.18207,Randfontein Station Taxi Rank,28,41,38,38
612,27.699040000000004,-26.181820000000002,Randfontein Station Taxi Rank,28,41,38,38
613,27.69923,-26.18065,Randfontein Station Taxi Rank,28,41,38,38
614,27.69916,-26.181829999999998,Randfontein Station Taxi Rank,28,41,38,38
615,27.69935,-26.18046,Randfontein Station Taxi Rank,28,41,38,38
616,27.698990000000002,-26.18195,Randfontein Station Taxi Rank,28,41,38,38
617,27.69909,-26.18135,Randfontein Taxi Rank,28,41,38,38
618,27.69908,-26.18109,Randfontein Taxi Rank,28,41,38,38
619,27.699409999999997,-26.18186,Randfontein Taxi Rank,28,41,38,38
620,27.6993,-26.18185,Randfontein Taxi Rank,28,41,38,38
621,27.69902,-26.18141,Randfontein Taxi Rank,28,41,38,38
622,27.870620000000002,-26.15803,Rank 5 (Roodepoort) Taxi Rank,12,42,49,49
623,28.52924,-25.74575,Rayton Taxi Rank,21,-1,3,3
624,28.529190000000003,-25.74525,Rayton Taxi Rank,21,-1,3,3
625,28.299090000000003,-26.211660000000002,Reading Road Taxi Rank,14,-1,37,37
626,28.298990000000003,-26.21172,Reading Road Taxi Rank,14,-1,37,37
627,27.749909999999996,-26.18962,Reitvallei Taxi Rank,62,-1,-1,57
628,27.8835,-26.53551,Residensia Taxi Rank,5,43,22,22
629,27.883490000000002,-26.53547,Residensia Taxi Rank,5,43,22,22
630,27.86597,-26.509859999999996,Residensia Taxi Rank,5,26,26,26
631,27.88415,-26.535459999999997,Residensia Taxi Rank,5,43,22,22
632,27.88383,-26.535490000000003,Residensia Taxi Rank,5,43,22,22
633,27.8833,-26.53552,Residensia Taxi Rank,5,43,22,22
634,27.88434,-26.535459999999997,Residensia Taxi Rank,5,43,22,22
635,27.88359,-26.53523,Residensia Taxi Rank,5,43,22,22
636,27.88395,-26.53548,"Residensia Taxi Rank, Corner Sebe and Union Road",5,43,22,22
637,28.7054,-25.71271,Retabiseng Taxi Rank,6,-1,0,0
638,28.70471,-25.713160000000002,Rethabiseng Taxi Rank,6,-1,0,0
639,28.705090000000002,-25.71319,Rethabiseng Taxi Rank,6,-1,0,0
640,28.226540000000004,-26.22993,Rieger Park Taxi Rank,43,-1,35,35
642,27.978209999999997,-26.21329,Riverlea Taxi Rank,20,-1,-1,61
643,27.97803,-26.213279999999997,Riverlea Taxi Rank,20,-1,-1,61
644,27.92363,-26.193270000000002,Roberville Taxi Rank,49,-1,-1,62
645,28.214209999999998,-26.31225,Rondebult Taxi Rank,2,-1,41,41
646,27.86976,-26.15919,Roodepoort Station Taxi Rank,12,42,49,49
647,27.87048,-26.15796,Roodepoort Taxi Rank,12,42,49,49
648,27.869740000000004,-26.160829999999997,Roodepoort Taxi Rank,12,42,49,49
649,27.87068,-26.15805,Roodepoort Taxi Rank,12,42,49,49
650,27.869659999999996,-26.16069,Roodepoort Taxi Rank,12,42,49,49
651,28.043509999999998,-26.20084,Rosebank Taxi Rank,7,9,53,53
652,28.04145,-26.1424,Rosebank Taxi Rank,66,13,52,52
653,28.041529999999998,-26.14254,Rosebank Taxi Rank,66,13,52,52
654,28.21988,-26.35176,Sam Sekoati Avenue Taxi Rank,30,31,42,42
655,28.05817,-26.107779999999998,Sandton Square Taxi Rank,18,-1,54,54
656,28.05752,-26.1081,Sandton Taxi Rank,18,-1,54,54
657,28.20096,-26.02039,Sangweni Taxi Rank,51,2,40,40
658,28.20097,-26.02038,Sangweni Taxi Rank,51,2,40,40
659,28.20154,-26.02157,Sangweni Taxi Rank,51,2,40,40
660,28.20182,-26.02093,Sangweni Taxi Rank,51,2,40,40
661,28.20184,-26.021810000000002,Sangweni Taxi Rank,51,2,40,40
662,28.072429999999997,-26.10414,Santon Taxi Rank,18,-1,54,54
663,28.034740000000003,-25.78666,"Saulsville, Mabunda Supermarket Taxi Rank",54,23,23,23
664,28.176479999999998,-26.12414,Sebenza Taxi Rank,16,-1,45,45
665,28.171909999999997,-26.12474,Sebenza Taxi Rank,16,-1,45,45
666,27.844559999999998,-26.602040000000002,Sebokeng Plaza Taxi Rank,60,-1,-1,26
667,27.85707,-26.532840000000004,"Sekhosana Taxi Rank, Corner Stirling Road and Adams Road",5,-1,26,26
668,27.85705,-26.532809999999998,"Sekhosana Taxi Rank, Evaton",5,-1,26,26
669,27.86668,-26.69714,Sharpville Vuka Taxi Rank,11,-1,9,9
670,27.868370000000002,-26.16404,Shoprite Taxi Rank Roodepoort,12,42,49,49
671,28.745790000000003,-25.80343,Short Street Taxi Rank,52,-1,0,0
672,28.35685,-25.76691,Silver Oak Taxi Rank,4,44,16,16
673,28.3574,-25.76665,Silver Oak's Taxi Rank,4,44,16,16
674,28.356709999999996,-25.76728,Silver Oak's Taxi Rank,4,44,16,16
675,28.35919,-25.767870000000002,Silver Oak's Taxi Rank,4,44,16,16
676,28.35711,-25.76652,Silver Oaks Taxi Rank,4,44,16,16
677,28.35758,-25.76681,Silveroaks Crossing Taxi Rank,4,44,16,16
678,28.30262,-25.73312,Silverton Shopping Centre Taxi Rank,38,-1,-1,15
679,28.3024,-25.73321,Silverton Shopping Centre Taxi Rank,38,-1,-1,15
680,27.694229999999997,-26.31584,Simunye Taxi Rank,37,-1,-1,59
681,28.194779999999998,-25.7399,Sisulu Street Taxi Rank,15,0,19,19
682,27.775959999999998,-26.216690000000003,Slovoville Taxi Rank,62,-1,57,57
683,27.82118,-26.219759999999997,Snake Park Taxi Rank (Thulani),1,-1,-1,63
684,28.368440000000003,-25.75168,Solomon Mahlangu Taxi Rank,4,-1,16,16
685,28.1028,-25.58077,Soshanguve Block XX Taxi Rank,9,-1,4,4
686,28.102729999999998,-25.58016,Soshanguve Block XX Taxi Rank,9,-1,4,4
687,28.092940000000002,-25.49306,Soshanguve Taxi Rank,42,11,5,5
688,28.0927,-25.49415,Soshanguve Taxi Rank,42,11,5,5
689,28.09327,-25.49446,Soshanguve Taxi Rank,42,11,5,5
690,27.67865,-26.40669,"South Deep Taxi Rank,Elsburg",64,-1,-1,6
691,28.18655,-25.86059,South Street Taxi Rank,50,-1,-1,19
692,27.980209999999996,-26.26535,Southgate Mall Taxi Rank,20,-1,-1,61
693,27.98187,-26.264440000000004,Southgate Mall Taxi Rank,20,-1,-1,61
694,28.52027,-25.67361,"Spar Cullinan, Taxi Rank",21,-1,3,3
695,27.70288,-26.18316,Spar Randfontein Taxi Rank,28,41,38,38
696,28.43825,-26.254620000000003,Springs A Taxi Rank,53,45,11,11
697,28.438370000000003,-26.25355,Springs A Taxi Rank,53,45,11,11
698,28.43892,-26.25041,Springs B Taxi Rank,53,45,11,11
699,28.438240000000004,-26.24865,Springs Main Taxi Rank,53,45,11,11
700,28.439020000000003,-26.249879999999997,Springs Station Taxi Rank,53,45,11,11
701,28.43846,-26.24815,Springs Station Taxi Rank,53,45,11,11
702,28.43889,-26.250559999999997,Springs Taxi Rank,53,45,11,11
703,28.438370000000003,-26.25427,Springs Taxi Rank A,53,45,11,11
704,28.141959999999997,-26.32732,"Sprite Taxi Rank, Corner Hospital Street and Kumalo Street",33,33,34,34
705,28.184440000000002,-26.32644,Spruiteview Taxi Rank,2,46,41,41
706,28.18445,-26.32576,Spruitview Taxi Rank,2,46,41,41
707,28.185090000000002,-26.32657,Spruitview Taxi Rank,2,46,41,41
708,28.185,-26.3266,"Spruitview Taxi Rank, Corner Leondale Street and MOagi Road",2,46,41,41
709,28.1847,-26.325570000000003,SpruitviewTaxi Rank,2,46,41,41
710,28.101709999999997,-25.90618,Stone Hill Stop Taxi Rank,25,-1,31,31
711,28.100990000000003,-25.906660000000002,Stone Hill Taxi Rank,25,-1,31,31
712,27.90125,-26.12125,Struben Valley Taxi Rank,12,-1,-1,48
713,28.02805,-25.78923,Supermarket Taxi Rank,54,23,23,23
714,28.028879999999997,-25.7892,Supermarket Taxi Rank,54,23,23,23
715,27.76714,-26.19474,Swanneville Taxi Rank,62,-1,57,57
716,28.20707,-25.99941,Swazi Inn Taxi Rank,51,-1,39,39
717,28.20709,-25.999370000000003,Swazi Inn Taxi Rank,51,-1,39,39
718,28.20135,-26.01991,Tembisa Sangweni Taxi Rank,51,2,40,40
719,27.916659999999997,-25.71173,Ten Rooms Taxi Rank,29,-1,-1,4
720,28.147509999999997,-25.79131,Thaba Tshwane Taxi Rank,15,-1,19,19
721,28.04297,-26.147579999999998,The Mall of Rosebank Taxi Rank,66,13,52,52
722,28.357,-25.76686,The Silveroaks Crossing/ Taxi Rank,4,44,16,16
723,28.24802,-26.004260000000002,Thembisa Taxi Rank,19,38,32,32
724,28.14231,-26.32757,"Thokaza Taxi Rank, Corner Hospital Street and Kumalo Street",33,33,34,34
725,28.123359999999998,-26.274109999999997,Thokoza Taxi Rank,33,-1,-1,41
726,27.97154,-26.66015,Three Rivers Taxi Rank,35,-1,7,7
727,27.897990000000004,-26.421129999999998,Thulamntana Taxi Rank,22,-1,-1,21
728,27.864459999999998,-26.27828,Trek Taxi Rank,36,-1,-1,64
729,27.86478,-26.2782,Trek Taxi Rank,36,-1,-1,64
730,27.86445,-26.2781,Trek Taxi Rank,36,-1,-1,64
731,28.38755,-26.37985,Tsakane Extension 15 Taxi Rank,47,5,13,13
732,28.371890000000004,-26.355559999999997,Tsakane Mall Taxi Rank,47,-1,13,13
733,28.38846,-26.3803,Tsakane Taxi Rank,47,5,13,13
734,27.792479999999998,-26.195,Tshepisong 2nd Taxi Rank,62,-1,57,57
735,27.84236,-26.273059999999997,Tshithuthune Street Taxi Rank (Mapetla),36,-1,64,64
736,28.16478,-26.41835,Tsietsi Phase 5 Taxi Rank,56,-1,20,20
737,28.165540000000004,-26.413590000000003,Tsietsi Phase 5 Taxi Rank,56,-1,20,20
738,28.165540000000004,-26.41361,Tsietsi Taxi Rank,56,-1,20,20
739,28.16555,-26.41365,Tsietsi Taxi Rank,56,-1,20,20
740,27.821270000000002,-26.712429999999998,Vaal Mall Taxi Rank,11,-1,9,9
741,28.193209999999997,-25.74775,Van Der Walt Street Taxi Rank,15,0,19,19
742,27.838759999999997,-26.696759999999998,Vanderbijilpark Taxi Rank,11,47,9,9
743,27.83747,-26.696559999999998,Vanderbijilpark Taxi Rank,11,47,9,9
744,27.83832,-26.69642,Vanderbijilpark Taxi Rank,11,47,9,9
745,27.83875,-26.69652,Vanderbijilpark Taxi Rank,11,47,9,9
746,27.838759999999997,-26.696690000000004,Vanderbijilpark Taxi Rank,11,47,9,9
747,27.83877,-26.6968,Vanderbijilpark Taxi Rank,11,47,9,9
748,27.83744,-26.695890000000002,Vanderbijilpark Taxi Rank,11,47,9,9
750,27.837390000000003,-26.694940000000003,Vanderbijlpark Taxi Rank,11,47,9,9
751,27.838079999999998,-26.69562,Vanderbillpark Taxi Rank,11,47,9,9
752,27.838240000000003,-26.69642,Vanderbillpark Taxi Rank,11,47,9,9
753,27.838790000000003,-26.69725,Vandrbijilpark Taxi Rank,11,47,9,9
754,27.983179999999997,-26.331970000000002,Vereeniging Road Taxi Rank,63,-1,-1,61
755,27.984090000000002,-26.332209999999996,Vereeniging Road Taxi rank,63,-1,-1,61
756,27.933040000000002,-26.679809999999996,Vereeniging Station Taxi Rank,35,48,7,7
757,27.934009999999997,-26.673820000000003,Vereeniging Taxi Rank,35,48,7,7
758,27.934070000000002,-26.67355,Vereeniging Taxi Rank,35,48,7,7
759,27.934140000000003,-26.673270000000002,Vereeniging Taxi Rank,35,48,7,7
760,27.93427,-26.67267,Vereeniging Taxi Rank,35,48,7,7
761,27.934309999999996,-26.67251,Vereeniging Taxi Rank,35,48,7,7
762,28.192590000000003,-25.744770000000003,Vermeulen Street Taxi Rank,15,0,19,19
763,28.39945,-25.72343,Vista Taxi Rank/Mamelodi Campus,67,37,10,10
764,28.400920000000003,-25.7234,Vista Taxi Rank/Manelodi Campus,67,37,10,10
765,28.40101,-25.72307,Vista University Taxi Rank,67,37,10,10
766,28.400779999999997,-25.72358,Vista University Taxi Rank,67,37,10,10
767,27.8127,-26.17596,Vlakfontein B Taxi Rank,62,-1,57,57
768,28.32215,-26.19196,Voortrekker Street Taxi Rank,14,35,44,44
769,28.104329999999997,-26.0007,Vornavalley Taxi Rank,0,-1,30,30
770,28.21851,-26.3419,Vosloorus Taxi Rank,30,31,42,42
771,28.218709999999998,-26.34184,Vosloorus Taxi Rank,30,31,42,42
772,28.21872,-26.343009999999996,Vosloorus Taxi Rank,30,31,42,42
773,28.217940000000002,-26.34195,Vosloorus Taxi Rank,30,31,42,42
774,28.218120000000003,-26.3419,Vosloorus Taxi Rank,30,31,42,42
775,28.21815,-26.341990000000003,Vosloorus Taxi Rank,30,31,42,42
776,28.218740000000004,-26.342259999999996,Vosloorus Taxi Rank,30,31,42,42
777,28.218759999999996,-26.342159999999996,Vosloorus Taxi Rank,30,31,42,42
778,28.21885,-26.34218,Vosloorus Taxi Rank,30,31,42,42
779,28.21875,-26.341820000000002,Vosloorus Taxi Rank,30,31,42,42
780,28.218909999999997,-26.34287,Vosloorus Taxi Rank,30,31,42,42
781,28.21896,-26.341759999999997,Vosloorus Taxi Rank,30,31,42,42
782,28.218759999999996,-26.342979999999997,Vosloorus Taxi Rank,30,31,42,42
783,28.21878,-26.342190000000002,Vosloorus Taxi Rank,30,31,42,42
784,28.218020000000003,-26.341929999999998,Vosloorus Taxi Rank,30,31,42,42
786,28.21892,-26.342259999999996,Vosloorus Taxi Rank,30,31,42,42
788,28.21783,-26.34198,Vosloorus Taxi Rank,30,31,42,42
789,28.218759999999996,-26.341920000000002,Vosloorus Taxi Rank,30,31,42,42
790,28.171879999999998,-26.274790000000003,Wadeville Ext 1 Taxi Rank,2,-1,41,41
791,28.17172,-26.274729999999998,"Wadeville, Ext 1 Taxi Rank",2,-1,41,41
792,27.9571,-26.4189,Walkerville Taxi Rank,63,-1,-1,21
793,28.044729999999998,-26.19748,Wanderers Taxi Rank,7,9,53,53
794,28.0447,-26.19717,Wanderers Taxi Rank,7,9,53,53
795,28.04508,-26.19976,Wanderers Taxi Rank,7,9,53,53
796,28.045070000000003,-26.19975,Wanderers Taxi Rank,7,9,53,53
797,27.814940000000004,-26.299359999999997,Waterworks Taxi Rank,45,-1,60,60
798,27.284509999999997,-26.377290000000002,Welverdiend Station Taxi Rank,8,-1,2,2
799,28.09132,-25.73639,Westfort Taxi Rank,3,-1,-1,23
800,27.8661,-26.139310000000002,Westgate Shopping Centre Taxi Rank,12,49,50,50
801,27.8622,-26.13934,Westgate Shopping Centre Taxi Rank,12,49,50,50
802,28.035109999999996,-26.21004,Westgate Taxi Rank,7,9,53,53
803,28.034990000000004,-26.20958,Westgate Taxi Rank,7,9,53,53
804,27.858620000000002,-26.13608,Westgate Taxi Rank,12,49,50,50
805,28.03487,-26.20964,Westgate Taxi Rank,7,9,53,53
806,28.035020000000003,-26.21021,Westgate Taxi Rank,7,9,53,53
807,27.862840000000002,-26.137610000000002,Westgate Taxi Rank,12,49,50,50
808,28.035120000000003,-26.20965,Westgate Taxi Rank,7,9,53,53
809,28.03469,-26.21085,Westgate Taxi Rank,7,9,53,53
810,27.858790000000003,-26.13704,Westgate Taxi Rank,12,49,50,50
811,28.035059999999998,-26.20965,Westgate Taxi Rank,7,9,53,53
812,28.034879999999998,-26.210929999999998,Westgate Taxi Rank,7,9,53,53
814,28.0353,-26.20984,"Westgate Taxi Rank, Ntemi Piliso Street",7,9,53,53
815,27.653609999999997,-26.31843,Westonaria A Taxi Rank,37,-1,-1,38
816,28.14224,-25.85659,Wierdapark Taxi Rank,50,-1,-1,31
817,28.343909999999997,-25.71844,Wiloss Taxi Rank,38,16,15,15
818,28.344479999999997,-25.71838,Wiloss Taxi Rank,38,16,15,15
819,28.34427,-25.71838,"Wiloss Taxi Rank, Corner Tsamaya Avenue and Dr Ribeiro Drive",38,16,15,15
820,28.25242,-26.294009999999997,Wind Mill Park Taxi Rank,30,-1,-1,41
821,28.22265,-25.980729999999998,Winnie Mandela Taxi Rank,19,-1,39,39
822,28.22294,-25.98099,Winnie Mandela Taxi Rank,19,-1,39,39
823,28.011159999999997,-26.0115,"Witkoppen Clinic, Taxi Rank",58,29,47,47
824,28.19143,-25.652929999999998,Wonderboom Airport Taxi Rank,68,-1,19,19
825,28.18311,-25.68109,Wonderboom Station Taxi Rank,68,-1,19,19
826,28.18298,-25.67959,Wonderboom Station Taxi Rank,68,-1,19,19
827,28.18308,-25.68133,Wonderboom Taxi Rank,68,-1,19,19
829,28.090190000000003,-26.05601,Woodmead Shopping Centre Taxi Rank,18,-1,-1,55
830,28.09058,-26.05742,Woodmead Square Taxi Rank,18,-1,-1,55
831,28.083109999999998,-26.10969,Wynberg Taxi Rank,18,39,56,56
832,28.04441,-26.19727,Zimbabwe Taxi Rank,7,9,53,53
833,27.829990000000002,-26.24445,Zola Clinic Taxi Rank,1,25,63,63
834,27.839909999999996,-26.24235,Zola Taxi Rank,1,-1,63,63
835,27.861659999999997,-26.236240000000002,Zondi Taxi Rank,49,-1,65,65
836,28.390970000000003,-26.309309999999996,kwaThema Taxi Rank,10,19,14,14
